{"cameraMode":{"drawMode":0,"name":"Shaded","section":"Shading Mode"},"sceneLighting":false,"audioPlay":false,"sceneViewState":{"showFog":true,"showMaterialUpdate":false,"showSkybox":false,"showFlares":true,"showImageEffects":true,"showParticleSystems":true},"in2DMode":false,"pivot":{"x":-1.4378151893615723,"y":-0.05884825438261032,"z":3.2091569900512697},"rotation":{"x":0.1483212113380432,"y":-0.5697329640388489,"z":0.10544119030237198,"w":0.8014319539070129},"size":8.112031936645508,"orthographic":false}