{"cameraMode":{"drawMode":0,"name":"Shaded","section":"Shading Mode"},"sceneLighting":false,"audioPlay":false,"sceneViewState":{"showFog":true,"showMaterialUpdate":false,"showSkybox":false,"showFlares":true,"showImageEffects":true,"showParticleSystems":true},"in2DMode":false,"pivot":{"x":19.924829483032228,"y":-10.173593521118164,"z":1.177673578262329},"rotation":{"x":-0.21679817140102387,"y":-0.6244617104530335,"z":0.18627242743968965,"w":-0.7271636128425598},"size":38.6400146484375,"orthographic":false}