{"cameraMode":{"drawMode":0,"name":"Shaded","section":"Shading Mode"},"sceneLighting":false,"audioPlay":false,"sceneViewState":{"showFog":true,"showMaterialUpdate":false,"showSkybox":false,"showFlares":true,"showImageEffects":true,"showParticleSystems":true},"in2DMode":false,"pivot":{"x":14.559576034545899,"y":-26.568227767944337,"z":-1.369357705116272},"rotation":{"x":-0.3563689589500427,"y":-0.6157463788986206,"z":0.3657326102256775,"w":-0.6004329919815064},"size":38.6400146484375,"orthographic":false}