{"cameraMode":{"drawMode":0,"name":"Shaded","section":"Shading Mode"},"sceneLighting":true,"audioPlay":false,"sceneViewState":{"showFog":true,"showMaterialUpdate":false,"showSkybox":true,"showFlares":true,"showImageEffects":true,"showParticleSystems":true},"in2DMode":false,"pivot":{"x":4.874512195587158,"y":15.875964164733887,"z":-3.8739962577819826},"rotation":{"x":0.4574616253376007,"y":-0.03333212062716484,"z":0.017162911593914033,"w":0.888439416885376},"size":10.736680030822754,"orthographic":false}