{"cameraMode":{"drawMode":0,"name":"Shaded","section":"Shading Mode"},"sceneLighting":false,"audioPlay":false,"sceneViewState":{"showFog":true,"showMaterialUpdate":false,"showSkybox":false,"showFlares":true,"showImageEffects":true,"showParticleSystems":true},"in2DMode":false,"pivot":{"x":-117.72128295898438,"y":-2738.482421875,"z":3655.581787109375},"rotation":{"x":0.3267977237701416,"y":-0.021262221038341523,"z":0.007354234345257282,"w":0.9448286890983582},"size":5172.59912109375,"orthographic":false}