{"cameraMode":{"drawMode":0,"name":"Shaded","section":"Shading Mode"},"sceneLighting":false,"audioPlay":false,"sceneViewState":{"showFog":true,"showMaterialUpdate":false,"showSkybox":false,"showFlares":true,"showImageEffects":true,"showParticleSystems":true},"in2DMode":false,"pivot":{"x":-17.295503616333009,"y":0.10878434032201767,"z":30.477642059326173},"rotation":{"x":0.31171897053718569,"y":0.2832253575325012,"z":-0.09522255510091782,"w":0.9025787711143494},"size":24.529020309448243,"orthographic":false}