{"cameraMode":{"drawMode":0,"name":"Shaded","section":"Shading Mode"},"sceneLighting":false,"audioPlay":false,"sceneViewState":{"showFog":true,"showMaterialUpdate":false,"showSkybox":false,"showFlares":true,"showImageEffects":true,"showParticleSystems":true},"in2DMode":false,"pivot":{"x":-7.517071723937988,"y":0.4688892364501953,"z":22.245094299316408},"rotation":{"x":0.18122771382331849,"y":-0.09500490128993988,"z":0.020800767466425897,"w":0.9792321920394898},"size":12.236811637878418,"orthographic":false}