{"cameraMode":{"drawMode":0,"name":"Shaded","section":"Shading Mode"},"sceneLighting":false,"audioPlay":false,"sceneViewState":{"showFog":true,"showMaterialUpdate":false,"showSkybox":false,"showFlares":true,"showImageEffects":true,"showParticleSystems":true},"in2DMode":false,"pivot":{"x":83.22869873046875,"y":374.464599609375,"z":0.0},"rotation":{"x":-0.04798072576522827,"y":0.005993055645376444,"z":0.0002878879604395479,"w":0.9988304972648621},"size":959.024169921875,"orthographic":true}