{"cameraMode":{"drawMode":0,"name":"Shaded","section":"Shading Mode"},"sceneLighting":true,"audioPlay":false,"sceneViewState":{"showFog":true,"showMaterialUpdate":false,"showSkybox":true,"showFlares":true,"showImageEffects":true,"showParticleSystems":true},"in2DMode":false,"pivot":{"x":-15.289315223693848,"y":-8.550760269165039,"z":-2.8023250102996828},"rotation":{"x":0.1520117074251175,"y":-0.7722166776657105,"z":0.20129750669002534,"w":0.5831488370895386},"size":22.0,"orthographic":false}