{"cameraMode":{"drawMode":0,"name":"Shaded","section":"Shading Mode"},"sceneLighting":true,"audioPlay":false,"sceneViewState":{"showFog":true,"showMaterialUpdate":false,"showSkybox":true,"showFlares":true,"showImageEffects":true,"showParticleSystems":true},"in2DMode":false,"pivot":{"x":-0.6358378529548645,"y":-3.2673678398132326,"z":23.13271713256836},"rotation":{"x":-0.2902206480503082,"y":0.008158774115145207,"z":-0.00618924293667078,"w":-0.9575954079627991},"size":46.04359436035156,"orthographic":false}