{"cameraMode":{"drawMode":0,"name":"Shaded","section":"Shading Mode"},"sceneLighting":false,"audioPlay":false,"sceneViewState":{"showFog":true,"showMaterialUpdate":false,"showSkybox":false,"showFlares":true,"showImageEffects":true,"showParticleSystems":true},"in2DMode":false,"pivot":{"x":28.896181106567384,"y":-9.281220436096192,"z":3.041010618209839},"rotation":{"x":-0.22843292355537415,"y":-0.5987587571144104,"z":0.18349994719028474,"w":-0.7456774711608887},"size":38.6400146484375,"orthographic":false}