{"cameraMode":{"drawMode":0,"name":"Shaded","section":"Shading Mode"},"sceneLighting":false,"audioPlay":false,"sceneViewState":{"showFog":true,"showMaterialUpdate":false,"showSkybox":false,"showFlares":true,"showImageEffects":true,"showParticleSystems":true},"in2DMode":false,"pivot":{"x":0.0,"y":0.3750000596046448,"z":0.2968018054962158},"rotation":{"x":0.17524105310440064,"y":-0.2651197910308838,"z":0.049065928906202319,"w":0.946888267993927},"size":10.25352954864502,"orthographic":false}