{"cameraMode":{"drawMode":0,"name":"Shaded","section":"Shading Mode"},"sceneLighting":false,"audioPlay":false,"sceneViewState":{"showFog":true,"showMaterialUpdate":false,"showSkybox":false,"showFlares":true,"showImageEffects":true,"showParticleSystems":true},"in2DMode":false,"pivot":{"x":12.956231117248536,"y":-24.377775192260743,"z":0.016772370785474778},"rotation":{"x":-0.34760692715644839,"y":-0.6272257566452026,"z":0.36876311898231509,"w":-0.5917730331420898},"size":38.6400146484375,"orthographic":false}