{"cameraMode":{"drawMode":0,"name":"Shaded","section":"Shading Mode"},"sceneLighting":false,"audioPlay":false,"sceneViewState":{"showFog":true,"showMaterialUpdate":false,"showSkybox":false,"showFlares":true,"showImageEffects":true,"showParticleSystems":true},"in2DMode":false,"pivot":{"x":-1.2977036237716675,"y":-5.012960433959961,"z":36.10755920410156},"rotation":{"x":0.18007120490074159,"y":-0.41780850291252139,"z":0.08720557391643524,"w":0.8868743777275086},"size":31.85289192199707,"orthographic":false}