{"cameraMode":{"drawMode":0,"name":"Shaded","section":"Shading Mode"},"sceneLighting":false,"audioPlay":false,"sceneViewState":{"showFog":true,"showMaterialUpdate":false,"showSkybox":false,"showFlares":true,"showImageEffects":true,"showParticleSystems":true},"in2DMode":false,"pivot":{"x":16.212984085083009,"y":-9.374396324157715,"z":27.203153610229493},"rotation":{"x":0.32318314909935,"y":0.6239792704582214,"z":-0.31163206696510317,"w":0.6404876112937927},"size":31.85289192199707,"orthographic":false}