{"cameraMode":{"drawMode":0,"name":"Shaded","section":"Shading Mode"},"sceneLighting":false,"audioPlay":false,"sceneViewState":{"showFog":true,"showMaterialUpdate":false,"showSkybox":false,"showFlares":true,"showImageEffects":true,"showParticleSystems":true},"in2DMode":false,"pivot":{"x":-47.53077697753906,"y":51.95350646972656,"z":33.42117691040039},"rotation":{"x":0.31685614585876467,"y":0.26143383979797366,"z":-0.08779891580343247,"w":0.9081509113311768},"size":35.09648132324219,"orthographic":false}