{"cameraMode":{"drawMode":0,"name":"Shaded","section":"Shading Mode"},"sceneLighting":false,"audioPlay":false,"sceneViewState":{"showFog":true,"showMaterialUpdate":false,"showSkybox":false,"showFlares":true,"showImageEffects":true,"showParticleSystems":true},"in2DMode":false,"pivot":{"x":1.5,"y":2.6499998569488527,"z":1.5000001192092896},"rotation":{"x":-0.15247811377048493,"y":-0.7563015222549439,"z":0.18989010155200959,"w":-0.6072457432746887},"size":13.574227333068848,"orthographic":false}