{"cameraMode":{"drawMode":0,"name":"Shaded","section":"Shading Mode"},"sceneLighting":true,"audioPlay":false,"sceneViewState":{"showFog":true,"showMaterialUpdate":false,"showSkybox":true,"showFlares":true,"showImageEffects":true,"showParticleSystems":true},"in2DMode":false,"pivot":{"x":13.985885620117188,"y":16.79166030883789,"z":-24.368722915649415},"rotation":{"x":-0.2069001942873001,"y":0.1200428456068039,"z":-0.02553306706249714,"w":-0.97068190574646},"size":29.849472045898439,"orthographic":false}