{"cameraMode":{"drawMode":0,"name":"Shaded","section":"Shading Mode"},"sceneLighting":true,"audioPlay":false,"sceneViewState":{"showFog":true,"showMaterialUpdate":false,"showSkybox":true,"showFlares":true,"showImageEffects":true,"showParticleSystems":true},"in2DMode":false,"pivot":{"x":-15.795134544372559,"y":8.152425765991211,"z":-2.7479634284973146},"rotation":{"x":0.23720233142375947,"y":0.18330560624599458,"z":-0.042950402945280078,"w":0.9536248445510864},"size":17.573976516723634,"orthographic":false}