{"cameraMode":{"drawMode":0,"name":"Shaded","section":"Shading Mode"},"sceneLighting":false,"audioPlay":false,"sceneViewState":{"showFog":true,"showMaterialUpdate":false,"showSkybox":false,"showFlares":true,"showImageEffects":true,"showParticleSystems":true},"in2DMode":false,"pivot":{"x":3.417015552520752,"y":-4.6567583084106449,"z":-0.374602735042572},"rotation":{"x":-0.328926146030426,"y":-0.5988225340843201,"z":0.2948239743709564,"w":-0.6680901646614075},"size":12.245826721191407,"orthographic":false}