{"cameraMode":{"drawMode":0,"name":"Shaded","section":"Shading Mode"},"sceneLighting":false,"audioPlay":false,"sceneViewState":{"showFog":true,"showMaterialUpdate":false,"showSkybox":false,"showFlares":true,"showImageEffects":true,"showParticleSystems":true},"in2DMode":false,"pivot":{"x":0.8091443181037903,"y":1.7696855068206788,"z":-0.009853895753622055},"rotation":{"x":0.15962642431259156,"y":-0.38127169013023379,"z":0.06701924651861191,"w":0.908116340637207},"size":3.587230682373047,"orthographic":false}