{"cameraMode":{"drawMode":0,"name":"Shaded","section":"Shading Mode"},"sceneLighting":true,"audioPlay":false,"sceneViewState":{"showFog":true,"showMaterialUpdate":false,"showSkybox":true,"showFlares":true,"showImageEffects":true,"showParticleSystems":true},"in2DMode":false,"pivot":{"x":-16.626422882080079,"y":-5.971052646636963,"z":25.29555892944336},"rotation":{"x":-0.14885133504867555,"y":0.34143006801605227,"z":-0.054856207221746448,"w":-0.9264311194419861},"size":43.31362533569336,"orthographic":false}